RPO	Stream 1	Stream 2	Stream 3	Stream 4	Stream 5	Stream 6	Stream 7	Stream 8	Stream 9	Stream 10	Stream 11	Stream 12	Stream 13	Stream 14	Stream 15	Stream 16	Stream 17	Stream 18	Stream 19	Stream 20	Stream 21	Stream 22	Stream 23	Stream 24	Stream 25	Stream 26	Stream 27	Stream 28	Stream 29	Stream 30	Stream 31	Stream 32	Stream 33	Stream 34	Stream 35	Stream 36	Stream 37	Stream 38	Stream 39	Stream 40	Stream 41	Stream 42	Stream 43	Stream 44	Stream 45	Stream 46	Stream 47	Stream 48	Stream 49	Stream 50	Stream 51	Stream 52	Stream 53	Stream 54	Stream 55	Stream 56	Stream 57	Stream 58	Stream 59	Stream 60	Stream 61	Stream 62	Stream 63	Stream 64	Stream 65	Stream 66	Stream 67	Stream 68	Stream 69	Stream 70	Stream 71	Stream 72	Stream 73	Stream 74	Stream 75	Stream 76	Stream 77	Stream 78	Stream 79	Stream 80	Stream 81	Stream 82	Stream 83	Stream 84	Stream 85	Stream 86	Stream 87	Stream 88	Stream 89	Stream 90	Stream 91	Stream 92	Stream 93	Stream 94	Stream 95	Stream 96	Stream 97	Stream 98	Stream 99	Stream 100	Stream 101	Stream 102	Stream 103	Stream 104	Stream 105	Stream 106	Stream 107	Stream 108	Stream 109	Stream 110	Stream 111	Stream 112	Stream 113	Stream 114	Stream 115	Stream 116	Stream 117	Stream 118	Stream 119	Stream 120	Stream 121	Stream 122	Stream 123	Stream 124	Stream 125	Stream 126	Stream 127	Stream 128	Stream 129	Stream 130	Stream 131	Stream 132	Stream 133	Stream 134	Stream 135	Stream 136	Stream 137	Stream 138	Stream 139	Stream 140	Stream 141	Stream 142	Stream 143	Stream 144	Stream 145	Stream 146	Stream 147	Stream 148	Stream 149	Stream 150	Stream 151	Stream 152	Stream 153	Stream 154	Stream 155	Stream 156	Stream 157	Stream 158	Stream 159	Stream 160	Stream 161	Stream 162	Stream 163	Stream 164	Stream 165	Stream 166	Stream 167	Stream 168	Stream 169	Stream 170	Stream 171	Stream 172	Stream 173	Stream 174	Stream 175	Stream 176	Stream 177	Stream 178	Stream 179	Stream 180	Stream 181	Stream 182	Stream 183	Stream 184	Stream 185	Stream 186	Stream 187	Stream 188	Stream 189	Stream 190	Stream 191	Stream 192	Stream 193	Stream 194	Stream 195	Stream 196	Stream 197	Stream 198	Stream 199	Stream 200	Stream 201	Stream 202	Stream 203	Stream 204	Stream 205	Stream 206	Stream 207	Stream 208	Stream 209	Stream 210	Stream 211	Stream 212	Stream 213	Stream 214	Stream 215	Stream 216	Stream 217	Stream 218	Stream 219	Stream 220	Stream 221	Stream 222	Stream 223	Stream 224
ARC																																																																																																																																																																																																																																
BANK																																																																																																																																																																																																																																
CP																																																																																																																																																																																																																																
TCH																																																																																																																																																																																																																																
DSSC																																																																																																																																																																																																																																
ETLD																																																																																																																																																																																																																																
FSAC																																																																																																																																																																																																																																
FF																																																																																																																																																																																																																																
GRCE																																																																																																																																																																																																																																
GFTW																																																																																																																																																																																																																																
HIM																																																																																																																																																																																																																																
SRB																																																																																																																																																																																																																																
JEFF																																																																																																																																																																																																																																
KAMS																																																																																																																																																																																																																																
KSRD																																																																																																																																																																																																																																
KISS																																																																																																																																																																																																																																
KTC																																																																																																																																																																																																																																
KUDO																																																																																																																																																																																																																																
NHI																																																																																																																																																																																																																																
NVOD																																																																																																																																																																																																																																
PMAG																																																																																																																																																																																																																																
RAD																																																																																																																																																																																																																																
RSE																																																																																																																																																																																																																																
SSF																																																																																																																																																																																																																																
SOIL																																																																																																																																																																																																																																
VARC																																																																																																																																																																																																																																
